{"base_files_url": "https://raw.githubusercontent.com/ajgowans/BiosDB_MiSTer/78ae44e362142cf2bf2c90a24696063eda146094/", "db_id": "bios_db", "db_url": "https://raw.githubusercontent.com/ajgowans/BiosDB_MiSTer/db/db.json.zip", "files": {"|games/Astrocade/boot.rom": {"hash": "7d25a26e5c4841b364cfe6b1735eaf03", "overwrite": false, "size": 8192, "tags": [22, 23, 24, 24], "url": "https://archive.org/download/mister_bios_db/Astrocade.zip/Bally%20Professional%20Arcade%2C%20Astrocade%20%273159%27%20BIOS%20%281978%29%28Bally%20Mfg.%20Corp.%29.bin"}, "|games/AtariLynx/boot.rom": {"hash": "fcd403db69f54290b51035d82f835e7b", "overwrite": false, "size": 512, "tags": [22, 24, 25, 24], "url": "https://archive.org/download/mister_bios_db/AtariLynx.zip/boot.rom"}, "|games/CD-i/boot0.rom": {"hash": "2969341396aa61e0143dc2351aaa6ef6", "overwrite": false, "size": 524288, "tags": [22, 24, 27, 24], "url": "https://archive.org/download/mister_bios_db/CD-i.zip/CD-i%2Fboot0.rom"}, "|games/CD-i/boot1.rom": {"hash": "3d20cf7550f1b723158b42a1fd5bac62", "overwrite": false, "size": 8192, "tags": [22, 24, 27, 24], "url": "https://archive.org/download/mister_bios_db/CD-i.zip/CD-i%2Fboot1.rom"}, "|games/CD-i/boot2.rom": {"hash": "9694c466f9b65c1990a81b7a6280546b", "overwrite": false, "size": 131072, "tags": [22, 24, 27, 24], "url": "https://archive.org/download/mister_bios_db/CD-i.zip/CD-i%2Fboot2.rom"}, "|games/COCO3/boot0.rom": {"hash": "7233c6c429f3ce1c7392f28a933e0b6f", "overwrite": false, "size": 32768, "tags": [22, 24, 28, 24], "url": "https://archive.org/download/mister_bios_db/CoCo3.zip/boot0.rom"}, "|games/COCO3/boot1.rom": {"hash": "8cab28f4b7311b8df63c07bb3b59bfd5", "overwrite": false, "size": 8192, "tags": [22, 24, 28, 24], "url": "https://archive.org/download/mister_bios_db/CoCo3.zip/boot1.rom"}, "|games/COCO3/boot2.rom": {"hash": "171fb7a5d3b808565295b45c773abaaf", "overwrite": false, "size": 8192, "tags": [22, 24, 28, 24], "url": "https://archive.org/download/mister_bios_db/CoCo3.zip/boot2.rom"}, "|games/Casio_PV-2000/boot0.rom": {"hash": "558540c5c6f776d88a897f2f3b8fec8f", "overwrite": false, "size": 16384, "tags": [22, 24, 26, 24], "url": "https://archive.org/download/mister_bios_db/Casio_PV-2000.zip/hn613128pc64.bin"}, "|games/CreatiVision/boot.rom": {"hash": "4dfadfb1158f84e2df2b85b13f303986", "overwrite": false, "size": 16384, "tags": [22, 24, 29, 24], "url": "https://archive.org/download/mister_bios_db/CreatiVision.zip/Laser_2001_Bootrom.rom"}, "|games/GAMEBOY/boot1.rom": {"hash": "dbfce9db9deaa2567f6a84fde55f9680", "overwrite": false, "size": 2304, "tags": [7, 22, 24, 24], "url": "https://archive.org/download/mister_bios_db/Gameboy.zip/GBC_boot_ROM.gb"}, "|games/GBA/boot.rom": {"hash": "a860e8c0b6d573d191e4ec7db1b1e4f6", "overwrite": false, "size": 16384, "tags": [10, 22, 24, 24], "url": "https://archive.org/download/mister_bios_db/GBA.zip/gba_bios.bin"}, "|games/Gamate/boot.rom": {"hash": "ef67993a94503c4b7798b5901c7dda52", "overwrite": false, "size": 4096, "tags": [22, 24, 30, 24], "url": "https://archive.org/download/mister_bios_db/Gamate.zip/Gamate/gamate_boot.rom"}, "|games/Intellivision/boot0.rom": {"hash": "62e761035cb657903761800f4437b8af", "overwrite": false, "size": 8192, "tags": [22, 24, 31, 24], "url": "https://archive.org/download/mister_bios_db/Intellivision.zip/Executive%20ROM%2C%20The%20%281978%29%28Mattel%29.bin"}, "|games/Intellivision/boot1.rom": {"hash": "0cd5946c6473e42e8e4c2137785e427f", "overwrite": false, "size": 2048, "tags": [22, 24, 31, 24], "url": "https://archive.org/download/mister_bios_db/Intellivision.zip/GROM%2C%20The%20%281978%29%28General%20Instruments%29.bin"}, "|games/Intellivision/boot2.rom": {"hash": "d5530f74681ec6e0f282dab42e6b1c5f", "overwrite": false, "size": 2048, "tags": [22, 24, 31, 24], "url": "https://archive.org/download/mister_bios_db/Intellivision.zip/IntelliVoice%20BIOS%20%281981%29%28Mattel%29.bin"}, "|games/Intellivision/boot3.rom": {"hash": "2e72a9a2b897d330a35c8b07a6146c52", "overwrite": false, "size": 24576, "tags": [22, 24, 31, 24], "url": "https://archive.org/download/mister_bios_db/Intellivision.zip/Entertainment%20Computer%20System%27s%20EXEC-BASIC%20ROM%2C%20The%20%281978%29%28Mattel%29.bin"}, "|games/Interact/boot.rom": {"hash": "aa9fb0e9697a009dfb9d876351dd8f48", "overwrite": false, "size": 2048, "tags": [22, 24, 32, 24], "url": "https://archive.org/download/mister_bios_db/Interact.zip/Interact_ROM.bin"}, "|games/Jaguar/boot.rom": {"hash": "6e844759720226e58d55ecaf33608a13", "overwrite": false, "size": 131072, "tags": [22, 24, 33, 24], "url": "https://archive.org/download/mister_bios_db/Jaguar.zip/boot.rom"}, "|games/Jaguar/boot1.rom": {"hash": "77cd95c7ad06a39f4c59995094aa10f9", "overwrite": false, "size": 262144, "tags": [22, 24, 33, 24], "url": "https://archive.org/download/mister_bios_db/Jaguar.zip/boot1.rom"}, "|games/Jaguar/boot2.rom": {"hash": "9d6e7c120a07cc83127fed86a37a388b", "overwrite": false, "size": 131072, "tags": [22, 24, 33, 24], "url": "https://archive.org/download/mister_bios_db/Jaguar.zip/boot2.rom"}, "|games/MSX1/boot.rom": {"hash": "a0452dbf5ace7d2e49d0a8029efed09a", "overwrite": false, "size": 32768, "tags": [22, 24, 38, 24], "url": "https://archive.org/download/mister_bios_db/MSX1.zip/vg8020_basic-bios1.rom"}, "|games/MegaCD/Europe/cd_bios.rom": {"hash": "9b562ebf2d095bf1dabadbc1881f519a", "overwrite": false, "size": 131072, "tags": [5, 22, 34, 35, 24], "url": "https://archive.org/download/mister_bios_db/MegaCD.zip/%5BBIOS%5D%20Mega-CD%202%20%28Europe%29%20%28v2.00%29.md"}, "|games/MegaCD/Japan/cd_bios.rom": {"hash": "683a8a9e273662561172468dfa2858eb", "overwrite": false, "size": 131072, "tags": [5, 22, 35, 36, 24], "url": "https://archive.org/download/mister_bios_db/MegaCD.zip/%5BBIOS%5D%20Mega-CD%202%20%28Japan%29%20%28v2.00C%29.md"}, "|games/MegaCD/USA/cd_bios.rom": {"hash": "310a9081d2edf2d316ab38813136725e", "overwrite": false, "size": 131072, "tags": [5, 22, 35, 37, 24], "url": "https://archive.org/download/mister_bios_db/MegaCD.zip/%5BBIOS%5D%20Sega%20CD%202%20%28USA%29%20%28v2.00%29.md"}, "|games/MegaCD/boot.rom": {"hash": "14db9657bbaa6fbb9249752424dc0ce4", "overwrite": false, "size": 131072, "tags": [5, 22, 24, 24], "url": "https://archive.org/download/mister_bios_db/MegaCD.zip/US%20Sega%20CD%202%20%28Region%20Free%29%20930601%20l_oliveira.bin"}, "|games/N64/boot.rom": {"hash": "5c124e7948ada85da603a522782940d0", "overwrite": false, "size": 1984, "tags": [22, 24, 39, 24], "url": "https://archive.org/download/mister_bios_db/N64.zip/N64%2F%5BBIOS%5D%20Nintendo%2064%20-%20PIF%20%28Japan%2C%20USA%29.bin"}, "|games/N64/boot1.rom": {"hash": "d4232dc935cad0650ac2664d52281f3a", "overwrite": false, "size": 1984, "tags": [22, 24, 39, 24], "url": "https://archive.org/download/mister_bios_db/N64.zip/N64%2F%5BBIOS%5D%20Nintendo%2064%20-%20PIF%20%28Europe%29.bin"}, "|games/NEOGEO/000-lo.lo": {"hash": "fc7599f3f871578fe9a0453662d1c966", "overwrite": false, "size": 131072, "tags": [22, 35, 41, 24], "url": "https://archive.org/download/mister_bios_db/NeoGeo.zip/000-lo.lo"}, "|games/NEOGEO/neo-epo.sp1": {"hash": "b11751ad42879c461d64ad2b7b2b0129", "overwrite": false, "size": 131072, "tags": [22, 35, 41, 24], "url": "https://archive.org/download/mister_bios_db/NeoGeo.zip/neo-epo.sp1-AES_BIOS"}, "|games/NEOGEO/sfix.sfix": {"hash": "aa2b5d0eae4158ffc0d7d63481c7830b", "overwrite": false, "size": 131072, "tags": [22, 35, 41, 24], "url": "https://archive.org/download/mister_bios_db/NeoGeo.zip/sfix.sfix"}, "|games/NEOGEO/sp-s2.sp1": {"hash": "2968f59f44bf328639aa79391aeeeab4", "overwrite": false, "size": 131072, "tags": [22, 35, 41, 24], "url": "https://archive.org/download/mister_bios_db/NeoGeo.zip/sp-s2.sp1-MVS_BIOS"}, "|games/NES/boot0.rom": {"hash": "ca30b50f880eb660a320674ed365ef7a", "overwrite": false, "size": 8192, "tags": [0, 22, 24, 24], "url": "https://archive.org/download/mister_bios_db/NES.zip/fds-bios.rom"}, "|games/NeoGeo-CD/neocd.bin": {"hash": "f39572af7584cb5b3f70ae8cc848aba2", "overwrite": false, "size": 524288, "tags": [22, 35, 40, 24], "url": "https://archive.org/download/mister_bios_db/NeoGeoCD.zip/neocd.bin"}, "|games/NeoGeo-CD/top-sp1.bin": {"hash": "122aee210324c72e8a11116e6ef9c0d0", "overwrite": false, "size": 524288, "tags": [22, 35, 40, 24], "url": "https://archive.org/download/mister_bios_db/NeoGeoCD.zip/top-sp1.bin"}, "|games/PC8801/boot.rom": {"hash": "f1ce4d5f83717093982e5f75516b8f3c", "overwrite": false, "size": 393216, "tags": [22, 24, 42, 24], "url": "https://archive.org/download/mister_bios_db/PC88.zip/PC8801%20MKII%20SR%20BIOS.rom"}, "|games/PSX/boot.rom": {"hash": "1e68c231d0896b7eadcad1d7d8e76129", "overwrite": false, "size": 524288, "tags": [22, 24, 46, 24], "url": "https://archive.org/download/mister_bios_db/PSX.zip/SCPH7001.BIN"}, "|games/PSX/boot1.rom": {"hash": "8e4c14f567745eff2f0408c8129f72a6", "overwrite": false, "size": 524288, "tags": [22, 24, 46, 24], "url": "https://archive.org/download/mister_bios_db/PSX.zip/SCPH7000.BIN"}, "|games/PSX/boot2.rom": {"hash": "b9d9a0286c33dc6b7237bb13cd46fdee", "overwrite": false, "size": 524288, "tags": [22, 24, 46, 24], "url": "https://archive.org/download/mister_bios_db/PSX.zip/SCPH7002.BIN"}, "|games/PSX/sbi.zip": {"hash": "706d60ab2dfdbfdd53be2069cb85a1fe", "overwrite": false, "size": 218953, "tags": [22, 35, 46, 24], "url": "https://archive.org/download/mister_bios_db/PSX.zip/sbi.zip"}, "|games/PocketChallengeV2/boot.rom": {"hash": "54b915694731cc22e07d3fb8a00ee2db", "overwrite": false, "size": 4096, "tags": [22, 24, 43, 24, 44], "url": "https://archive.org/download/mister_bios_db/WonderSwan.zip/boot.rom"}, "|games/PocketChallengeV2/boot1.rom": {"hash": "880893bd5a7d53fff826bd76a83d566e", "overwrite": false, "size": 8192, "tags": [22, 24, 43, 24, 44], "url": "https://archive.org/download/mister_bios_db/WonderSwan.zip/boot1.rom"}, "|games/PokemonMini/boot.rom": {"hash": "1e4fb124a3a886865acb574f388c803d", "overwrite": false, "size": 4096, "tags": [22, 24, 45, 24], "url": "https://archive.org/download/mister_bios_db/PokemonMini.zip/PokemonMini%2F%5BBIOS%5D%20Nintendo%20Pokemon%20Mini%20%28World%29.min"}, "|games/SCV/boot.rom": {"hash": "b596975be2e0360232bbeb1e492ab873", "overwrite": false, "size": 6144, "tags": [22, 24, 48, 24], "url": "https://archive.org/download/mister_bios_db/SCV.zip/SCV%2FSCV%20boot.rom"}, "|games/SGB/Super Game Boy 2.sfc": {"hash": "8ecd73eb4edf7ed7e81aef1be80031d5", "overwrite": false, "size": 524288, "tags": [9, 22, 35, 24], "url": "https://archive.org/download/mister_bios_db/SGB.zip/SGB2.sfc"}, "|games/SGB/Super Game Boy.sfc": {"hash": "b15ddb15721c657d82c5bab6db982ee9", "overwrite": false, "size": 262144, "tags": [9, 22, 35, 24], "url": "https://archive.org/download/mister_bios_db/SGB.zip/SGB1.sfc"}, "|games/SNES/bsx_bios.rom": {"hash": "96cf17bf589fcbfa6f8de2dc84f19fa2", "overwrite": false, "size": 1048576, "tags": [1, 22, 24, 24], "url": "https://archive.org/download/mister_bios_db/SNES.zip/BS-X%20BIOS%20%28English%29%20%5BNo%20DRM%5D%20%5B2016%20v1.3%5D.sfc"}, "|games/Saturn/boot.rom": {"hash": "0306c0e408d6682dd2d86324bd4ac661", "overwrite": false, "size": 524288, "tags": [22, 24, 47, 24], "url": "https://archive.org/download/mister_bios_db/Saturn.zip/Saturn%2FBios%20GameNavi%20HiSaturn%201.03.bin"}, "|games/TGFX16-CD/cd_bios.rom": {"hash": "98d43a097a165b03df170fd5c2ad2c2f", "overwrite": false, "size": 262144, "tags": [3, 22, 24, 24], "url": "https://archive.org/download/mister_bios_db/TurboGrafx16.zip/TurboGrafx16/Super%20CD%203.1.pce"}, "|games/TI-99_4A/boot0.rom": {"hash": "a75bb208176c0aed1b6a04b2dcf4770c", "overwrite": false, "size": 196608, "tags": [22, 24, 49, 24], "url": "https://archive.org/download/mister_bios_db/TI-99_4A.zip/boot0.rom"}, "|games/WonderSwan/boot.rom": {"hash": "54b915694731cc22e07d3fb8a00ee2db", "overwrite": false, "size": 4096, "tags": [22, 24, 50, 24], "url": "https://archive.org/download/mister_bios_db/WonderSwan.zip/boot.rom"}, "|games/WonderSwan/boot1.rom": {"hash": "880893bd5a7d53fff826bd76a83d566e", "overwrite": false, "size": 8192, "tags": [22, 24, 50, 24], "url": "https://archive.org/download/mister_bios_db/WonderSwan.zip/boot1.rom"}, "|games/WonderSwanColor/boot.rom": {"hash": "54b915694731cc22e07d3fb8a00ee2db", "overwrite": false, "size": 4096, "tags": [22, 24, 51, 24, 44], "url": "https://archive.org/download/mister_bios_db/WonderSwan.zip/boot.rom"}, "|games/WonderSwanColor/boot1.rom": {"hash": "880893bd5a7d53fff826bd76a83d566e", "overwrite": false, "size": 8192, "tags": [22, 24, 51, 24, 44], "url": "https://archive.org/download/mister_bios_db/WonderSwan.zip/boot1.rom"}}, "folders": {"|games": {"tags": [22]}, "|games/Astrocade": {"tags": [22, 23]}, "|games/AtariLynx": {"tags": [22, 25]}, "|games/CD-i": {"tags": [22, 27]}, "|games/COCO3": {"tags": [22, 28]}, "|games/Casio_PV-2000": {"tags": [22, 26]}, "|games/CreatiVision": {"tags": [22, 29]}, "|games/GAMEBOY": {"tags": [7, 22]}, "|games/GBA": {"tags": [10, 22]}, "|games/Gamate": {"tags": [22, 30]}, "|games/Intellivision": {"tags": [22, 31]}, "|games/Interact": {"tags": [22, 32]}, "|games/Jaguar": {"tags": [22, 33]}, "|games/MSX1": {"tags": [22, 38]}, "|games/MegaCD": {"tags": [5, 22]}, "|games/MegaCD/Europe": {"tags": [5, 22, 35]}, "|games/MegaCD/Japan": {"tags": [5, 22, 35]}, "|games/MegaCD/USA": {"tags": [5, 22, 35]}, "|games/N64": {"tags": [22, 39]}, "|games/NEOGEO": {"tags": [22, 41]}, "|games/NES": {"tags": [0, 22]}, "|games/NeoGeo-CD": {"tags": [22, 40]}, "|games/PC8801": {"tags": [22, 42]}, "|games/PSX": {"tags": [22, 46]}, "|games/PocketChallengeV2": {"tags": [22, 43]}, "|games/PokemonMini": {"tags": [22, 45]}, "|games/SCV": {"tags": [22, 48]}, "|games/SGB": {"tags": [9, 22]}, "|games/SNES": {"tags": [1, 22]}, "|games/Saturn": {"tags": [22, 47]}, "|games/TGFX16-CD": {"tags": [3, 22]}, "|games/TI-99_4A": {"tags": [22, 49]}, "|games/WonderSwan": {"tags": [22, 50]}, "|games/WonderSwanColor": {"tags": [22, 51]}}, "tag_dictionary": {"astrocade": 23, "atarilynx": 25, "bios": 24, "casiopv2000": 26, "cdi": 27, "coco3": 28, "creativision": 29, "europe": 34, "extrautilities": 35, "famicom": 0, "gamate": 30, "gameboy": 7, "gameboyadvance": 10, "games": 22, "gb": 7, "gba": 10, "intellivision": 31, "interact": 32, "jaguar": 33, "japan": 36, "megacd": 5, "mglbios": 44, "msx1": 38, "n64": 39, "neogeo": 41, "neogeocd": 40, "nes": 0, "nintendo": 0, "pc8801": 42, "pcenginecd": 3, "pocketchallengev2": 43, "pokemonmini": 45, "psx": 46, "saturn": 47, "scv": 48, "segacd": 5, "sgb": 9, "snes": 1, "sufami": 1, "superfamicom": 1, "supergameboy": 9, "supernes": 1, "supernintendo": 1, "tgfx16cd": 3, "ti994a": 49, "turbografx16cd": 3, "turbografxcd": 3, "usa": 37, "wonderswan": 50, "wonderswancolor": 51}, "timestamp": 1764792685}